symbol,date,close,type,eo,state
AD1,2017-03-03,0.77155,Short2,enterS2,Short2
AD1,2017-07-27,0.81055,Short3,enterS3,Short3
AD1,2017-11-16,0.77365,exitS3,exitS3,
AD1,2019-08-05,0.68985,exitS2,exitS2,
AD1,2019-08-06,0.69015,Short2,enterS2,Short2
AD1,2020-03-16,0.62045,exitS2,exitS2,
AD1,2020-03-20,0.58895,Short2,enterS2,Short2
AD1,2020-04-06,0.61785,Long3,enterL3,Long3
AD1,2020-04-07,0.62575,exitL3,exitL3,
AD1,2020-05-01,0.65075,Short3,enterS3,Short3
AD,2017-03-03,0.76625,Short2,enterS2,Short2
AD,2017-07-27,0.80725,Short3,enterS3,Short3
AD,2017-11-16,0.77025,exitS3,exitS3,
AD,2019-08-05,0.68715,exitS2,exitS2,
AD,2019-08-07,0.68775,Short2,enterS2,Short2
AD,2020-03-17,0.60685,exitS2,exitS2,
AD,2020-03-20,0.58795,Short2,enterS2,Short2
AD,2020-04-06,0.61665,Long3,enterL3,Long3
AD,2020-04-07,0.62715,exitL3,exitL3,
AD,2020-05-01,0.64875,Short3,enterS3,Short3
BO2,2017-01-24,31.71,Short2,enterS2,Short2
BO2,2017-03-13,28.28,exitS2,exitS2,
BO2,2017-03-14,28.46,Short2,enterS2,Short2
BO2,2017-07-25,29.44,Short3,enterS3,Short3
BO2,2017-09-29,28.29,exitS3,exitS3,
BO2,2017-10-04,28.7,Long3,enterL3,Long3
BO2,2017-10-05,28.47,exitL3,exitL3,
BO2,2017-12-07,28.65,Long3,enterL3,Long3
BO2,2017-12-08,28.94,exitL3,exitL3,
BO2,2018-04-27,25.43,exitS2,exitS2,
BO2,2018-05-02,25.3,Short2,enterS2,Short2
BO2,2018-05-03,25.51,Long3,enterL3,Long3
BO2,2018-05-04,25.47,exitL3,exitL3,
BO2,2018-06-14,24.85,Long3,enterL3,Long3
BO2,2018-06-15,24.2,exitL3,exitL3,
BO2,2018-07-13,22.3,exitS2,exitS2,
BO2,2018-07-18,22.38,Short2,enterS2,Short2
BO2,2018-07-20,22.45,Long3,enterL3,Long3
BO2,2018-07-23,22.23,exitL3,exitL3,
BO2,2018-09-19,21.41,Long3,enterL3,Long3
BO2,2018-09-20,21.77,exitL3,exitL3,
BO2,2018-10-18,22.93,Short3,enterS3,Short3
BO2,2018-10-29,21.8,exitS3,exitS3,
BO2,2018-11-28,21.69,Long3,enterL3,Long3
BO2,2018-11-29,21.62,exitL3,exitL3,
BO2,2019-02-01,23.35,Short3,enterS3,Short3
BO2,2019-03-18,22.57,exitS3,exitS3,
BO2,2019-04-02,22.09,Long3,enterL3,Long3
BO2,2019-04-03,21.93,exitL3,exitL3,
BO2,2019-05-08,19.82,exitS2,exitS2,
BO2,2019-05-10,19.61,Short2,enterS2,Short2
BO2,2019-08-13,21.7,Short3,enterS3,Short3
BO2,2019-08-21,21.28,exitS3,exitS3,
BO2,2019-09-20,21.56,Short3,enterS3,Short3
BO2,2019-09-30,21.24,exitS3,exitS3,
BO2,2019-10-25,23.12,Short3,enterS3,Short3
BO2,2019-11-27,22.47,exitS3,exitS3,
BO2,2020-01-06,26.22,Short3,enterS3,Short3
BO2,2020-01-16,24.73,exitS3,exitS3,
BO2,2020-02-21,22.35,Long3,enterL3,Long3
BO2,2020-02-24,21.21,exitL3,exitL3,
BO2,2020-03-16,16.33,exitS2,exitS2,
BO2,2020-03-17,16.58,Short2,enterS2,Short2
BO2,2020-06-11,18.47,Short3,enterS3,Short3
BP1,2017-01-11,1.276,Short2,enterS2,Short2
BP1,2018-02-02,1.4505,Short3,enterS3,Short3
BP1,2018-05-03,1.3918,exitS3,exitS3,
BP1,2020-06-11,1.2537,Short3,enterS3,Short3
BP,2017-01-11,1.2813,Short2,enterS2,Short2
BP,2018-01-25,1.4574,Short3,enterS3,Short3
BP,2018-05-07,1.3958,exitS3,exitS3,
BP,2020-06-11,1.2584,Short3,enterS3,Short3
BR5,2017-04-10,0.27777,Short2,enterS2,Short2
BR5,2017-05-19,0.26672,Long3,enterL3,Long3
BR5,2017-05-22,0.26427,exitL3,exitL3,
BR5,2017-06-06,0.26721,Long3,enterL3,Long3
BR5,2017-06-07,0.26716,exitL3,exitL3,
BR5,2017-07-21,0.28361,Short3,enterS3,Short3
BR5,2018-04-11,0.27274,exitS3,exitS3,
BR5,2018-05-10,0.26134,Long3,enterL3,Long3
BR5,2018-05-11,0.25704,exitL3,exitL3,
BR5,2018-05-17,0.24934,exitS2,exitS2,
BR5,2018-05-21,0.25059,Short2,enterS2,Short2
BR5,2018-06-08,0.24954,Long3,enterL3,Long3
BR5,2018-06-11,0.24839,exitL3,exitL3,
BR5,2018-07-06,0.23974,Long3,enterL3,Long3
BR5,2018-07-09,0.23994,exitL3,exitL3,
BR5,2018-07-26,0.24874,Short3,enterS3,Short3
BR5,2018-08-13,0.23754,exitS3,exitS3,
BR5,2018-08-30,0.22229,exitS2,exitS2,
BR5,2018-08-31,0.22889,Short2,enterS2,Short2
BR5,2018-10-29,0.25419,Short3,enterS3,Short3
BR5,2018-11-14,0.24607,exitS3,exitS3,
BR5,2019-03-28,0.24321,Long3,enterL3,Long3
BR5,2019-03-29,0.24316,exitL3,exitL3,
BR5,2019-08-08,0.24551,Long3,enterL3,Long3
BR5,2019-08-09,0.24436,exitL3,exitL3,
BR5,2020-03-12,0.19946,exitS2,exitS2,
BR5,2020-03-17,0.19236,Short2,enterS2,Short2
BR5,2020-03-31,0.18422,Long3,enterL3,Long3
BR5,2020-04-01,0.18172,exitL3,exitL3,
BR5,2020-04-24,0.16892,exitS2,exitS2,
BR5,2020-04-28,0.17327,Short2,enterS2,Short2
BR5,2020-06-11,0.18406,Short3,enterS3,Short3
BR5,2020-06-17,0.18011,exitS3,exitS3,
BR5,2020-07-01,0.17653,Long3,enterL3,Long3
BR5,2020-07-02,0.17673,exitL3,exitL3,
BR5,2020-09-24,0.17053,Long3,enterL3,Long3
BR5,2020-09-25,0.16938,exitL3,exitL3,
BR5,2020-11-09,0.17433,Short3,enterS3,Short3
BR5,2021-03-04,0.1681,exitS3,exitS3,
BR5,2021-05-19,0.17968,Short3,enterS3,Short3
BR5,2021-08-18,0.18018,Short1,enterS1,Short1
BR5,2021-08-27,0.18638,exitL1,exitL1,
BR5,2021-10-22,0.1733,exitS3,exitS3,
BR,2017-04-10,0.2772,Short2,enterS2,Short2
BR,2017-05-19,0.2662,Long3,enterL3,Long3
BR,2017-05-22,0.2637,exitL3,exitL3,
BR,2017-06-06,0.2667,Long3,enterL3,Long3
BR,2017-06-07,0.2666,exitL3,exitL3,
BR,2017-07-17,0.2784,Short3,enterS3,Short3
BR,2018-04-26,0.2636,exitS3,exitS3,
BR,2018-05-10,0.2609,Long3,enterL3,Long3
BR,2018-05-11,0.2566,exitL3,exitL3,
BR,2018-05-17,0.2489,exitS2,exitS2,
BR,2018-05-21,0.2501,Short2,enterS2,Short2
BR,2018-06-08,0.2491,Long3,enterL3,Long3
BR,2018-06-11,0.248,exitL3,exitL3,
BR,2018-07-06,0.2393,Long3,enterL3,Long3
BR,2018-07-09,0.2395,exitL3,exitL3,
BR,2018-07-26,0.2483,Short3,enterS3,Short3
BR,2018-08-13,0.2371,exitS3,exitS3,
BR,2018-08-30,0.2219,exitS2,exitS2,
BR,2018-08-31,0.2285,Short2,enterS2,Short2
BR,2018-10-29,0.2538,Short3,enterS3,Short3
BR,2018-11-14,0.2457,exitS3,exitS3,
BR,2019-03-28,0.2429,Long3,enterL3,Long3
BR,2019-03-29,0.2428,exitL3,exitL3,
BR,2019-08-08,0.2452,Long3,enterL3,Long3
BR,2019-08-09,0.244,exitL3,exitL3,
BR,2020-03-12,0.1992,exitS2,exitS2,
BR,2020-03-17,0.1921,Short2,enterS2,Short2
BR,2020-03-31,0.184,Long3,enterL3,Long3
BR,2020-04-01,0.1815,exitL3,exitL3,
BR,2020-04-24,0.1687,exitS2,exitS2,
BR,2020-04-28,0.173,Short2,enterS2,Short2
BR,2020-06-11,0.1838,Short3,enterS3,Short3
BR,2020-06-17,0.1799,exitS3,exitS3,
BR,2020-07-01,0.1763,Long3,enterL3,Long3
BR,2020-07-02,0.1765,exitL3,exitL3,
BR,2020-09-24,0.1702,Long3,enterL3,Long3
BR,2020-09-25,0.1691,exitL3,exitL3,
BR,2020-11-09,0.174,Short3,enterS3,Short3
BR,2021-03-04,0.1679,exitS3,exitS3,
BR,2021-05-19,0.1795,Short3,enterS3,Short3
BR,2021-10-22,0.1731,exitS3,exitS3,
C2,2017-01-12,444.75,Short2,enterS2,Short2
C2,2017-07-12,449.5,Short3,enterS3,Short3
C2,2017-07-14,440.25,exitS3,exitS3,
C2,2017-08-30,396.25,exitS2,exitS2,
C2,2017-08-31,408.5,Short2,enterS2,Short2
C2,2017-08-31,408.5,Long3,enterL3,Long3
C2,2017-09-01,406.0,exitL3,exitL3,
C2,2018-05-07,423.25,Short3,enterS3,Short3
C2,2018-06-05,406.25,exitS3,exitS3,
C2,2018-07-06,374.5,Long3,enterL3,Long3
C2,2018-07-09,368.5,exitL3,exitL3,
C2,2018-07-11,354.75,exitS2,exitS2,
C2,2018-07-12,360.75,Short2,enterS2,Short2
C2,2018-08-31,366.5,Long3,enterL3,Long3
C2,2018-09-04,369.75,exitL3,exitL3,
C2,2019-05-13,330.5,Long3,enterL3,Long3
C2,2019-05-14,342.75,exitL3,exitL3,
C2,2019-07-15,407.25,Short3,enterS3,Short3
C2,2019-07-17,401.75,exitS3,exitS3,
C2,2019-08-05,375.0,Long3,enterL3,Long3
C2,2019-08-06,372.75,exitL3,exitL3,
C2,2019-09-04,318.75,exitS2,exitS2,
C2,2019-09-10,321.75,Short2,enterS2,Short2
C2,2019-09-10,321.75,Long3,enterL3,Long3
C2,2019-09-11,320.25,exitL3,exitL3,
C2,2019-11-29,332.0,Long3,enterL3,Long3
C2,2019-12-02,332.75,exitL3,exitL3,
C2,2020-03-02,322.0,Long3,enterL3,Long3
C2,2020-03-03,327.75,exitL3,exitL3,
C2,2020-03-18,281.75,exitS2,exitS2,
C2,2020-03-19,292.0,Short2,enterS2,Short2
C2,2020-04-28,253.5,exitS2,exitS2,
C2,2020-04-29,256.0,Short2,enterS2,Short2
C2,2020-06-29,265.75,Long3,enterL3,Long3
C2,2020-06-30,278.5,exitL3,exitL3,
C2,2020-07-10,274.25,Short3,enterS3,Short3
C2,2020-07-14,263.0,exitS3,exitS3,
C2,2020-09-21,299.25,Short3,enterS3,Short3
CD1,2017-01-23,0.77215,Short2,enterS2,Short2
CD1,2020-06-11,0.73615,Short3,enterS3,Short3
CD,2017-01-20,0.7672,Short2,enterS2,Short2
CD,2020-03-18,0.68785,exitS2,exitS2,
CD,2020-03-20,0.69425,Short2,enterS2,Short2
CD,2020-06-11,0.736,Short3,enterS3,Short3
CL1,2017-01-11,68.07,Short2,enterS2,Short2
CL1,2017-03-22,62.02,Long3,enterL3,Long3
CL1,2017-03-23,61.53,exitL3,exitL3,
CL1,2017-05-04,58.94,exitS2,exitS2,
CL1,2017-05-05,59.92,Short2,enterS2,Short2
CL1,2017-05-05,59.92,Long3,enterL3,Long3
CL1,2017-05-08,59.95,exitL3,exitL3,
CL1,2017-08-10,61.27,Short3,enterS3,Short3
CL1,2017-08-30,58.57,exitS3,exitS3,
CL1,2018-01-11,75.23,Short3,enterS3,Short3
CL1,2018-02-12,71.16,exitS3,exitS3,
CL1,2018-02-14,72.63,Long3,enterL3,Long3
CL1,2018-02-15,73.29,exitL3,exitL3,
CL1,2018-02-27,74.85,Short3,enterS3,Short3
CL1,2018-11-14,70.39,exitS3,exitS3,
CL1,2018-12-13,67.03,Long3,enterL3,Long3
CL1,2018-12-14,65.45,exitL3,exitL3,
CL1,2018-12-26,60.56,Long3,enterL3,Long3
CL1,2018-12-27,59.36,exitL3,exitL3,
CL1,2019-02-25,68.68,Short3,enterS3,Short3
CL1,2019-06-03,65.54,exitS3,exitS3,
CL1,2019-06-18,66.71,Long3,enterL3,Long3
CL1,2019-06-19,66.79,exitL3,exitL3,
CL1,2019-07-15,71.86,Short3,enterS3,Short3
CL1,2019-07-19,68.77,exitS3,exitS3,
CL1,2019-08-27,67.99,Long3,enterL3,Long3
CL1,2019-08-28,68.16,exitL3,exitL3,
CL1,2019-09-17,70.82,Short3,enterS3,Short3
CL1,2019-09-25,69.29,exitS3,exitS3,
CL1,2020-01-06,75.68,Short3,enterS3,Short3
CL1,2020-01-10,71.97,exitS3,exitS3,
CL1,2020-02-12,64.55,Long3,enterL3,Long3
CL1,2020-02-13,64.38,exitL3,exitL3,
CL1,2020-03-02,60.12,Long3,enterL3,Long3
CL1,2020-03-03,59.7,exitL3,exitL3,
CL1,2020-03-09,42.84,exitS2,exitS2,
CL1,2020-03-10,47.45,Short2,enterS2,Short2
CL1,2020-03-10,47.45,Long3,enterL3,Long3
CL1,2020-03-11,45.72,exitL3,exitL3,
CL1,2020-03-18,35.06,exitS2,exitS2,
CL1,2020-03-19,37.82,Short2,enterS2,Short2
CL1,2020-04-15,31.47,exitS2,exitS2,
CL1,2020-04-22,19.3,Short2,enterS2,Short2
CL1,2020-06-08,34.55,Short3,enterS3,Short3
CL1,2020-06-12,33.24,exitS3,exitS3,
CL1,2020-07-23,36.99,Short3,enterS3,Short3
CL1,2020-09-08,33.31,exitS3,exitS3,
CL1,2020-10-05,35.17,Long3,enterL3,Long3
CL1,2020-10-06,35.64,exitL3,exitL3,
CL1,2020-11-02,32.64,Long3,enterL3,Long3
CL1,2020-11-03,33.7,exitL3,exitL3,
CL1,2021-03-08,56.07,Short3,enterS3,Short3
CL1,2021-03-19,54.24,exitS3,exitS3,
CL1,2021-06-28,65.43,Short3,enterS3,Short3
CL1,2021-07-20,60.25,exitS3,exitS3,
CL1,2021-08-23,60.62,Long3,enterL3,Long3
CL1,2021-08-24,62.68,exitL3,exitL3,
CL1,2021-09-09,63.09,Short3,enterS3,Short3
CL2,2017-01-11,69.06,Short2,enterS2,Short2
CL2,2017-05-04,60.06,exitS2,exitS2,
CL2,2017-05-05,60.76,Short2,enterS2,Short2
CL2,2017-08-10,62.42,Short3,enterS3,Short3
CL2,2017-08-29,60.13,exitS3,exitS3,
CL2,2017-08-31,60.92,Long3,enterL3,Long3
CL2,2017-09-01,60.98,exitL3,exitL3,
CL2,2018-02-14,73.55,Long3,enterL3,Long3
CL2,2018-02-15,74.21,exitL3,exitL3,
CL2,2018-02-28,74.68,Short3,enterS3,Short3
CL2,2018-11-14,71.56,exitS3,exitS3,
CL2,2019-01-31,68.34,Short3,enterS3,Short3
CL2,2019-06-06,66.14,exitS3,exitS3,
CL2,2019-06-18,67.4,Long3,enterL3,Long3
CL2,2019-06-19,67.26,exitL3,exitL3,
CL2,2019-11-06,69.93,Short3,enterS3,Short3
CL2,2020-01-28,67.1,exitS3,exitS3,
CL2,2020-03-09,44.51,exitS2,exitS2,
CL2,2020-03-10,47.74,Short2,enterS2,Short2
CL2,2020-03-10,47.74,Long3,enterL3,Long3
CL2,2020-03-11,46.36,exitL3,exitL3,
CL2,2020-03-18,33.73,exitS2,exitS2,
CL2,2020-03-19,38.81,Short2,enterS2,Short2
CL2,2020-04-15,31.65,exitS2,exitS2,
CL2,2020-04-22,19.39,Short2,enterS2,Short2
CL2,2020-06-08,35.03,Short3,enterS3,Short3
CL2,2020-06-12,33.35,exitS3,exitS3,
CL2,2020-09-30,36.4,Long3,enterL3,Long3
CL2,2020-10-01,34.94,exitL3,exitL3,
CL2,2020-11-02,32.74,Long3,enterL3,Long3
CL2,2020-11-03,33.59,exitL3,exitL3,
CL2,2021-02-26,53.21,Short3,enterS3,Short3
CL2,2021-03-03,53.41,exitS3,exitS3,
CL2,2021-07-06,65.59,Short3,enterS3,Short3
CL2,2021-07-20,61.35,exitS3,exitS3,
CL2,2021-08-23,60.97,Long3,enterL3,Long3
CL2,2021-08-24,62.87,exitL3,exitL3,
CL2,2021-11-10,77.66,Short3,enterS3,Short3
CL2,2021-11-18,76.01,exitS3,exitS3,
CL2,2021-12-21,68.91,Long3,enterL3,Long3
CL2,2021-12-22,70.55,exitL3,exitL3,
CL2,2021-12-31,73.0,Short3,enterS3,Short3
CT,2017-01-18,67.08,Short2,enterS2,Short2
CT,2017-02-15,70.5,Short3,enterS3,Short3
CT,2017-04-07,66.68,exitS3,exitS3,
CT,2017-04-10,68.37,Long3,enterL3,Long3
CT,2017-04-11,68.23,exitL3,exitL3,
CT,2017-05-16,73.04,Short3,enterS3,Short3
CT,2017-05-18,70.96,exitS3,exitS3,
CT,2017-09-11,69.21,Short3,enterS3,Short3
CT,2017-09-13,66.19,exitS3,exitS3,
CT,2017-09-25,66.56,Long3,enterL3,Long3
CT,2017-09-26,65.85,exitL3,exitL3,
CT,2017-12-12,69.78,Short3,enterS3,Short3
CT,2019-02-13,66.5,exitS3,exitS3,
CT,2019-05-13,60.17,exitS2,exitS2,
CT,2019-05-14,61.48,Short2,enterS2,Short2
CT,2019-05-14,61.48,Long3,enterL3,Long3
CT,2019-05-15,61.07,exitL3,exitL3,
CT,2019-06-03,64.14,Long3,enterL3,Long3
CT,2019-06-04,63.69,exitL3,exitL3,
CT,2019-07-19,59.56,Long3,enterL3,Long3
CT,2019-07-22,59.85,exitL3,exitL3,
CT,2019-08-21,56.43,Long3,enterL3,Long3
CT,2019-08-22,55.43,exitL3,exitL3,
CT,2019-08-26,54.31,exitS2,exitS2,
CT,2019-08-26,54.31,Long3,enterL3,Long3
CT,2019-08-27,54.41,Short2,enterS2,Short2
CT,2019-08-27,54.41,exitL3,exitL3,
CT,2019-10-14,58.71,Short3,enterS3,Short3
CT,2020-02-28,55.68,exitS3,exitS3,
CT,2020-03-20,47.87,exitS2,exitS2,
CT,2020-03-24,47.08,Short2,enterS2,Short2
CT,2020-05-20,52.37,Short3,enterS3,Short3
CU1,2017-02-15,1.1689,Short2,enterS2,Short2
CU1,2020-03-10,1.14775,Short3,enterS3,Short3
CU1,2020-03-20,1.09065,exitS3,exitS3,
CU1,2020-06-11,1.14735,Short3,enterS3,Short3
CU,2017-02-08,1.1804,Short2,enterS2,Short2
LC1,2017-07-07,169.35,exitL3,exitL3,
CU,2020-03-10,1.1518,Short3,enterS3,Short3
CU,2020-03-20,1.08575,exitS3,exitS3,
CU,2020-06-05,1.14615,Short3,enterS3,Short3
DX,2017-01-10,97.242,Short2,enterS2,Short2
DX,2017-09-07,87.089,exitS2,exitS2,
DX,2017-09-11,87.3,Short2,enterS2,Short2
ED1,2017-01-10,97.7825,Short2,enterS2,Short2
ED,2017-01-20,97.7375,Short2,enterS2,Short2
ES,2017-03-27,2287.25,Short2,enterS2,Short2
ES,2018-02-06,2644.25,Long3,enterL3,Long3
ES,2018-02-07,2618.25,exitL3,exitL3,
ES,2018-02-14,2647.0,Long3,enterL3,Long3
ES,2018-02-15,2684.0,exitL3,exitL3,
ES,2018-02-27,2697.5,Short3,enterS3,Short3
ES,2018-03-23,2543.5,exitS3,exitS3,
ES,2018-03-26,2605.25,Long3,enterL3,Long3
ES,2018-03-27,2561.5,exitL3,exitL3,
ES,2018-04-04,2592.75,Long3,enterL3,Long3
ES,2018-04-05,2607.5,exitL3,exitL3,
ES,2018-10-16,2753.75,Long3,enterL3,Long3
ES,2018-10-17,2752.25,exitL3,exitL3,
ES,2018-12-26,2405.75,Long3,enterL3,Long3
ES,2018-12-27,2429.75,exitL3,exitL3,
ES,2019-01-04,2466.0,Long3,enterL3,Long3
ES,2019-01-07,2485.25,exitL3,exitL3,
ES,2019-06-04,2734.75,Long3,enterL3,Long3
ES,2019-06-05,2757.5,exitL3,exitL3,
ES,2019-06-25,2847.25,Short3,enterS3,Short3
ES,2020-03-10,2784.25,exitS3,exitS3,
ES,2020-03-13,2614.5,Long3,enterL3,Long3
ES,2020-03-16,2334.75,exitL3,exitL3,
ES,2020-03-24,2370.75,Long3,enterL3,Long3
ES,2020-03-25,2399.75,exitL3,exitL3,
ES,2020-04-06,2577.25,Long3,enterL3,Long3
ES,2020-04-07,2574.75,exitL3,exitL3,
ES,2020-05-12,2785.25,Short3,enterS3,Short3
EX,2017-02-08,1.1833,Short2,enterS2,Short2
EX,2020-03-10,1.15695,Short3,enterS3,Short3
EX,2020-03-19,1.0897,exitS3,exitS3,
EX,2020-06-05,1.1474,Short3,enterS3,Short3
FC1,2017-01-27,180.975,Short2,enterS2,Short2
FC1,2017-02-09,177.425,Long3,enterL3,Long3
FC1,2017-02-10,175.5,exitL3,exitL3,
FC1,2017-03-27,186.25,Short3,enterS3,Short3
FC1,2019-06-03,175.125,exitS3,exitS3,
FC1,2019-10-01,181.675,Short3,enterS3,Short3
FC1,2020-03-09,169.625,exitS3,exitS3,
FC1,2020-03-13,156.7,exitS2,exitS2,
FC1,2020-03-17,154.425,Short2,enterS2,Short2
FC1,2020-05-11,165.325,Short3,enterS3,Short3
FC1,2020-05-26,165.95,exitS3,exitS3,
FC1,2020-08-06,177.15,Short3,enterS3,Short3
FC1,2020-09-04,169.125,exitS3,exitS3,
FC1,2020-11-13,170.525,Short3,enterS3,Short3
FC1,2021-04-22,159.975,exitS3,exitS3,
FC1,2021-04-26,162.375,Long3,enterL3,Long3
FC1,2021-04-27,162.075,exitL3,exitL3,
FC1,2021-06-28,168.3,Short3,enterS3,Short3
FC1,2021-09-14,165.675,exitS3,exitS3,
FC1,2021-09-28,164.375,Long3,enterL3,Long3
FC1,2021-09-29,162.4,exitL3,exitL3,
FC1,2021-11-02,163.4,Long3,enterL3,Long3
FC1,2021-11-03,165.325,exitL3,exitL3,
FC1,2022-01-31,168.6,Long3,enterL3,Long3
FC1,2022-02-01,169.5,exitL3,exitL3,
FC1,2022-02-10,172.175,Short3,enterS3,Short3
FC,2017-01-27,181.6,Short2,enterS2,Short2
FC,2017-02-14,178.15,Long3,enterL3,Long3
FC,2017-02-15,178.425,exitL3,exitL3,
FC,2017-03-23,189.375,Short3,enterS3,Short3
FC,2019-05-31,174.425,exitS3,exitS3,
FC,2020-03-13,157.05,exitS2,exitS2,
FC,2020-03-17,154.425,Short2,enterS2,Short2
FC,2020-05-11,165.1,Short3,enterS3,Short3
FC,2020-10-20,159.375,exitS3,exitS3,
FC,2020-11-13,170.55,Short3,enterS3,Short3
FC,2021-04-22,160.5,exitS3,exitS3,
FC,2021-04-26,162.425,Long3,enterL3,Long3
FC,2021-04-27,162.2,exitL3,exitL3,
FC,2021-06-18,167.15,Short3,enterS3,Short3
FC,2021-11-02,163.4,exitS3,exitS3,
FC,2022-01-31,168.45,Long3,enterL3,Long3
FC,2022-02-01,169.125,exitL3,exitL3,
FC,2022-02-10,172.15,Short3,enterS3,Short3
GC1,2017-01-27,1363.0,Short2,enterS2,Short2
GC1,2018-01-17,1479.3,Short3,enterS3,Short3
GC1,2018-06-20,1405.9,exitS3,exitS3,
GC1,2019-08-26,1626.7,Short3,enterS3,Short3
GC1,2019-11-11,1546.5,exitS3,exitS3,
GC1,2020-01-08,1640.0,Short3,enterS3,Short3
GC1,2020-03-19,1549.2,exitS3,exitS3,
GC1,2020-03-23,1636.6,Long3,enterL3,Long3
GC1,2020-03-24,1737.8,exitL3,exitL3,
GC1,2020-04-07,1750.0,Short3,enterS3,Short3
HO1,2017-01-11,1.6611,Short2,enterS2,Short2
HO1,2017-05-03,1.4354,exitS2,exitS2,
HO1,2017-05-05,1.4168,Short2,enterS2,Short2
HO1,2017-05-05,1.4168,Long3,enterL3,Long3
HO1,2017-05-08,1.4282,exitL3,exitL3,
HO1,2017-07-21,1.4692,Short3,enterS3,Short3
HO1,2020-03-09,1.1134,exitS2,exitS2,
HO1,2020-03-09,1.1134,exitS3,exitS3,
HO1,2020-03-10,1.229,Short2,enterS2,Short2
HO1,2020-03-10,1.229,Long3,enterL3,Long3
HO1,2020-03-11,1.2081,exitL3,exitL3,
HO1,2020-03-16,1.0062,exitS2,exitS2,
HO1,2020-03-17,1.0065,Short2,enterS2,Short2
HO1,2020-04-03,1.0715,Long3,enterL3,Long3
HO1,2020-04-06,1.0226,exitL3,exitL3,
HO1,2020-04-15,0.8871,exitS2,exitS2,
HO1,2020-04-16,0.9195,Short2,enterS2,Short2
HO1,2020-04-21,0.7275,exitS2,exitS2,
HO1,2020-04-28,0.6503,Short2,enterS2,Short2
HO1,2020-05-14,0.8363,Long3,enterL3,Long3
HO1,2020-05-15,0.8603,exitL3,exitL3,
HO1,2020-06-08,1.0177,Short3,enterS3,Short3
HO1,2020-06-12,1.0115,exitS3,exitS3,
HO1,2020-07-23,1.1362,Short3,enterS3,Short3
HO1,2020-07-31,1.1027,exitS3,exitS3,
HO1,2020-10-05,0.9697,Long3,enterL3,Long3
HO1,2020-10-06,1.0029,exitL3,exitL3,
HO1,2020-11-02,0.9419,Long3,enterL3,Long3
HO1,2020-11-03,0.9605,exitL3,exitL3,
HO1,2020-12-01,1.157,Short3,enterS3,Short3
HO2,2017-01-11,1.6671,Short2,enterS2,Short2
HO2,2017-05-02,1.4481,exitS2,exitS2,
HO2,2017-05-05,1.4167,Short2,enterS2,Short2
HO2,2017-07-21,1.4817,Short3,enterS3,Short3
HO2,2020-03-09,1.1328,exitS2,exitS2,
HO2,2020-03-09,1.1328,exitS3,exitS3,
HO2,2020-03-10,1.2198,Short2,enterS2,Short2
HO2,2020-03-17,1.0049,exitS2,exitS2,
HO2,2020-03-19,1.0126,Short2,enterS2,Short2
HO2,2020-04-20,0.8539,exitS2,exitS2,
HO2,2020-04-28,0.6495,Short2,enterS2,Short2
HO2,2020-05-14,0.8335,Long3,enterL3,Long3
HO2,2020-05-15,0.8584,exitL3,exitL3,
HO2,2020-05-29,0.9402,Long3,enterL3,Long3
HO2,2020-06-01,0.9326,exitL3,exitL3,
HO2,2020-06-08,1.0249,Short3,enterS3,Short3
HO2,2020-06-12,1.005,exitS3,exitS3,
HO2,2020-07-23,1.138,Short3,enterS3,Short3
HO2,2020-07-31,1.1003,exitS3,exitS3,
HO2,2020-09-30,0.989,Long3,enterL3,Long3
HO2,2020-10-01,0.9618,exitL3,exitL3,
HO2,2020-10-27,0.9904,Long3,enterL3,Long3
HO2,2020-10-28,0.9447,exitL3,exitL3,
HO2,2020-11-02,0.9437,Long3,enterL3,Long3
HO2,2020-11-03,0.9585,exitL3,exitL3,
HO2,2021-02-26,1.6772,Short3,enterS3,Short3
HO2,2021-03-03,1.6698,exitS3,exitS3,
HO2,2021-03-08,1.7426,Short3,enterS3,Short3
HO2,2021-03-19,1.6576,exitS3,exitS3,
HO2,2021-07-06,1.9379,Short3,enterS3,Short3
HO2,2021-07-20,1.8455,exitS3,exitS3,
HO2,2021-08-23,1.8361,Long3,enterL3,Long3
HO2,2021-08-24,1.8973,exitL3,exitL3,
HO2,2021-10-06,2.2717,Short3,enterS3,Short3
HO2,2021-11-18,2.224,exitS3,exitS3,
HO2,2021-11-22,2.1715,Long3,enterL3,Long3
HO2,2021-11-23,2.2296,exitL3,exitL3,
HO2,2021-12-21,2.1022,Long3,enterL3,Long3
HO2,2021-12-22,2.15,exitL3,exitL3,
HO2,2021-12-31,2.1761,Short3,enterS3,Short3
JY1,2017-02-15,0.96075,Short2,enterS2,Short2
JY1,2020-03-10,0.96605,Short3,enterS3,Short3
JY1,2020-03-16,0.95955,exitS3,exitS3,
JY1,2022-01-04,0.8616,exitS2,exitS2,
JY1,2022-01-05,0.86165,Short2,enterS2,Short2
JY,2017-02-15,0.95485,Short2,enterS2,Short2
JY,2020-03-26,0.9267,Long3,enterL3,Long3
JY,2020-03-27,0.93935,exitL3,exitL3,
KC,2017-01-24,216.0,Short3,enterS3,Short3
KC,2017-02-03,209.9,Short2,enterS2,Short2
KC,2017-02-08,206.6,exitS3,exitS3,
KC,2017-05-24,187.65,exitS2,exitS2,
KC,2017-05-25,188.4,Short2,enterS2,Short2
KC,2017-06-23,179.85,Long3,enterL3,Long3
KC,2017-06-26,181.35,exitL3,exitL3,
KC,2017-07-24,189.4,Short3,enterS3,Short3
KC,2017-08-23,182.05,exitS3,exitS3,
KC,2017-08-25,184.75,Long3,enterL3,Long3
KC,2017-08-28,184.7,exitL3,exitL3,
KC,2017-10-05,180.55,Long3,enterL3,Long3
KC,2017-10-06,183.35,exitL3,exitL3,
KC,2017-12-12,168.65,exitS2,exitS2,
KC,2017-12-13,170.3,Short2,enterS2,Short2
KC,2018-06-19,160.4,Long3,enterL3,Long3
KC,2018-06-20,160.65,exitL3,exitL3,
KC,2018-07-06,158.1,Long3,enterL3,Long3
KC,2018-07-09,159.05,exitL3,exitL3,
KC,2018-07-18,152.15,exitS2,exitS2,
KC,2018-07-19,152.8,Short2,enterS2,Short2
KC,2018-07-20,154.65,Long3,enterL3,Long3
KC,2018-07-23,155.65,exitL3,exitL3,
KC,2018-09-18,136.8,exitS2,exitS2,
KC,2018-09-19,137.65,Short2,enterS2,Short2
KC,2018-10-03,147.55,Short3,enterS3,Short3
KC,2018-12-12,140.35,exitS3,exitS3,
KC,2018-12-13,141.4,Long3,enterL3,Long3
KC,2018-12-14,139.55,exitL3,exitL3,
KC,2019-04-03,129.55,Long3,enterL3,Long3
KC,2019-04-04,129.5,exitL3,exitL3,
KC,2019-04-17,121.4,exitS2,exitS2,
KC,2019-04-18,124.65,Short2,enterS2,Short2
KC,2019-07-05,140.4,Short3,enterS3,Short3
KC,2019-07-09,136.75,exitS3,exitS3,
KC,2019-07-16,134.85,Short3,enterS3,Short3
KC,2019-07-24,130.3,exitS3,exitS3,
KC,2019-08-13,125.45,Long3,enterL3,Long3
KC,2019-08-14,123.65,exitL3,exitL3,
KC,2019-10-18,121.45,Long3,enterL3,Long3
KC,2019-10-21,122.1,exitL3,exitL3,
KC,2019-10-29,124.7,Short3,enterS3,Short3
KC,2020-05-29,115.5,exitS3,exitS3,
KC,2020-08-06,133.95,Short3,enterS3,Short3
KC,2020-08-11,128.6,exitS3,exitS3,
KC,2020-08-14,131.45,Short3,enterS3,Short3
KC,2020-09-22,125.65,exitS3,exitS3,
KC,2020-12-01,130.95,Short3,enterS3,Short3
LC1,2017-02-01,154.25,Short2,enterS2,Short2
LC1,2017-05-09,175.225,Short3,enterS3,Short3
LC1,2017-06-23,169.525,exitS3,exitS3,
LC1,2017-07-06,169.55,Long3,enterL3,Long3
LC1,2017-11-06,174.0,Short3,enterS3,Short3
LC1,2017-11-21,166.875,exitS3,exitS3,
LC1,2018-04-04,151.7,Long3,enterL3,Long3
LC1,2018-04-05,153.925,exitL3,exitL3,
LC1,2019-09-10,147.35,Long3,enterL3,Long3
LC1,2019-09-11,149.7,exitL3,exitL3,
LC1,2020-02-03,158.525,Long3,enterL3,Long3
LC1,2020-02-04,158.7,exitL3,exitL3,
LC1,2020-02-13,156.675,Long3,enterL3,Long3
LC1,2020-02-14,158.15,exitL3,exitL3,
LC1,2020-03-02,148.275,Long3,enterL3,Long3
LC1,2020-03-03,147.725,exitL3,exitL3,
LC1,2020-03-12,137.55,exitS2,exitS2,
LC1,2020-03-17,133.05,Short2,enterS2,Short2
LC1,2020-03-31,135.375,Long3,enterL3,Long3
LC1,2020-04-01,130.875,exitL3,exitL3,
LC1,2020-10-28,135.225,Long3,enterL3,Long3
LC1,2020-10-29,138.725,exitL3,exitL3,
LC1,2021-04-26,138.625,Long3,enterL3,Long3
LC1,2021-04-27,138.2,exitL3,exitL3,
LC1,2021-11-29,142.875,Short3,enterS3,Short3
LC,2017-01-27,158.125,Short2,enterS2,Short2
LC,2017-05-09,175.55,Short3,enterS3,Short3
LC,2017-06-23,169.65,exitS3,exitS3,
LC,2017-08-15,163.025,Long3,enterL3,Long3
LC,2017-08-16,162.3,exitL3,exitL3,
LC,2017-11-02,173.45,Short3,enterS3,Short3
LC,2017-11-21,167.0,exitS3,exitS3,
LC,2018-04-04,151.525,Long3,enterL3,Long3
LC,2018-04-05,154.25,exitL3,exitL3,
LC,2018-06-11,156.6,Short3,enterS3,Short3
LC,2019-08-14,149.475,exitS3,exitS3,
LC,2020-02-03,158.425,Long3,enterL3,Long3
LC,2020-02-04,158.35,exitL3,exitL3,
LC,2020-03-09,140.55,exitS2,exitS2,
LC,2020-03-10,143.15,Short2,enterS2,Short2
LC,2020-03-31,135.6,Long3,enterL3,Long3
LC,2020-04-01,131.1,exitL3,exitL3,
LC,2020-04-02,126.6,exitS2,exitS2,
LC,2020-04-06,123.825,Short2,enterS2,Short2
LC,2020-05-13,137.4,Short3,enterS3,Short3
LC,2020-10-23,133.875,exitS3,exitS3,
LC,2020-11-13,139.65,Short3,enterS3,Short3
LC,2021-10-01,133.55,exitS3,exitS3,
LC,2021-11-29,142.825,Short3,enterS3,Short3
LH1,2017-01-27,117.15,Short2,enterS2,Short2
LH1,2017-04-06,114.025,Long3,enterL3,Long3
LH1,2017-04-07,113.3,exitL3,exitL3,
LH1,2017-09-15,114.375,Long3,enterL3,Long3
LH1,2017-09-18,113.85,exitL3,exitL3,
LH1,2017-10-17,118.075,Short3,enterS3,Short3
LH1,2018-02-08,113.6,exitS3,exitS3,
LH1,2018-04-04,107.95,Long3,enterL3,Long3
LH1,2018-04-05,108.5,exitL3,exitL3,
LH1,2018-04-09,110.425,Long3,enterL3,Long3
LH1,2018-04-10,109.75,exitL3,exitL3,
LH1,2018-07-11,104.55,exitS2,exitS2,
LH1,2018-07-12,106.65,Short2,enterS2,Short2
LH1,2018-08-09,104.05,Long3,enterL3,Long3
LH1,2018-08-10,103.85,exitL3,exitL3,
LH1,2018-11-20,114.975,Short3,enterS3,Short3
LH1,2018-12-19,110.75,exitS3,exitS3,
LH1,2019-02-04,106.425,Long3,enterL3,Long3
LH1,2019-02-05,104.9,exitL3,exitL3,
LH1,2019-02-21,99.275,Long3,enterL3,Long3
LH1,2019-02-22,98.875,exitL3,exitL3,
LH1,2019-03-13,106.775,Short3,enterS3,Short3
LH1,2019-06-25,102.3,exitS3,exitS3,
LH1,2019-07-09,105.575,Long3,enterL3,Long3
LH1,2019-07-10,107.975,exitL3,exitL3,
LH1,2019-07-29,110.5,Short3,enterS3,Short3
LH1,2019-08-01,101.425,exitS3,exitS3,
LH1,2019-08-23,93.925,exitS2,exitS2,
LH1,2019-08-26,97.8,Short2,enterS2,Short2
LH1,2019-08-26,97.8,Long3,enterL3,Long3
LH1,2019-08-27,97.25,exitL3,exitL3,
LH1,2019-12-03,90.375,Long3,enterL3,Long3
LH1,2019-12-04,90.225,exitL3,exitL3,
LH1,2020-01-14,89.8,Long3,enterL3,Long3
LH1,2020-01-15,89.625,exitL3,exitL3,
LH1,2020-01-29,83.6,exitS2,exitS2,
LH1,2020-02-03,77.45,Short2,enterS2,Short2
LH1,2020-02-06,79.7,Long3,enterL3,Long3
LH1,2020-02-07,81.25,exitL3,exitL3,
LH1,2020-02-18,80.5,Long3,enterL3,Long3
LH1,2020-02-19,82.25,exitL3,exitL3,
LH1,2020-03-16,66.7,exitS2,exitS2,
LH1,2020-03-17,70.275,Short2,enterS2,Short2
LH1,2020-03-30,59.65,exitS2,exitS2,
LH1,2020-03-31,60.25,Short2,enterS2,Short2
LH1,2020-04-02,52.725,exitS2,exitS2,
LH1,2020-04-06,49.2,Short2,enterS2,Short2
LH1,2020-05-21,57.275,Long3,enterL3,Long3
LH1,2020-05-22,56.05,exitL3,exitL3,
LH1,2020-05-26,59.575,Long3,enterL3,Long3
LH1,2020-05-27,59.4,exitL3,exitL3,
LH1,2020-05-29,57.025,Long3,enterL3,Long3
LH1,2020-06-01,55.35,exitL3,exitL3,
LH1,2020-06-17,50.175,Long3,enterL3,Long3
LH1,2020-06-18,50.275,exitL3,exitL3,
LH1,2020-07-16,49.25,Long3,enterL3,Long3
LH1,2020-07-17,48.375,exitL3,exitL3,
LH1,2020-08-21,51.625,Short3,enterS3,Short3
LH,2017-01-27,117.825,Short2,enterS2,Short2
LH,2017-04-06,114.5,Long3,enterL3,Long3
LH,2017-04-07,113.575,exitL3,exitL3,
LH,2017-09-15,115.125,Long3,enterL3,Long3
LH,2017-09-18,114.7,exitL3,exitL3,
LH,2017-10-17,118.825,Short3,enterS3,Short3
LH,2018-02-08,114.5,exitS3,exitS3,
LH,2018-02-12,115.575,Long3,enterL3,Long3
LH,2018-02-13,114.475,exitL3,exitL3,
LH,2018-04-04,108.95,Long3,enterL3,Long3
LH,2018-04-05,109.5,exitL3,exitL3,
LH,2018-04-09,111.55,Long3,enterL3,Long3
LH,2018-04-10,110.725,exitL3,exitL3,
LH,2018-07-20,104.775,exitS2,exitS2,
LH,2018-07-23,106.125,Short2,enterS2,Short2
LH,2018-08-09,104.9,Long3,enterL3,Long3
LH,2018-08-10,104.675,exitL3,exitL3,
LH,2018-08-20,109.975,Short3,enterS3,Short3
LH,2018-08-24,105.275,exitS3,exitS3,
LH,2018-10-31,112.125,Short3,enterS3,Short3
LH,2019-01-25,106.225,exitS3,exitS3,
LH,2019-02-04,107.15,Long3,enterL3,Long3
LH,2019-02-05,105.7,exitL3,exitL3,
LH,2019-02-21,100.05,Long3,enterL3,Long3
LH,2019-02-22,99.55,exitL3,exitL3,
LH,2019-03-13,107.575,Short3,enterS3,Short3
LH,2019-06-25,103.7,exitS3,exitS3,
LH,2019-07-09,106.6,Long3,enterL3,Long3
LH,2019-07-10,109.25,exitL3,exitL3,
LH,2019-07-29,111.55,Short3,enterS3,Short3
LH,2019-08-01,102.575,exitS3,exitS3,
LH,2019-08-23,94.4,exitS2,exitS2,
LH,2019-08-26,98.9,Short2,enterS2,Short2
LH,2019-08-26,98.9,Long3,enterL3,Long3
LH,2019-08-27,98.325,exitL3,exitL3,
LH,2019-12-03,91.625,Long3,enterL3,Long3
LH,2019-12-04,91.675,exitL3,exitL3,
LH,2020-01-27,86.375,exitS2,exitS2,
LH,2020-01-28,87.225,Short2,enterS2,Short2
LH,2020-01-31,77.525,exitS2,exitS2,
LH,2020-02-03,78.65,Short2,enterS2,Short2
LH,2020-02-06,80.8,Long3,enterL3,Long3
LH,2020-02-07,82.175,exitL3,exitL3,
LH,2020-02-18,81.425,Long3,enterL3,Long3
LH,2020-02-19,83.5,exitL3,exitL3,
LH,2020-03-16,67.8,exitS2,exitS2,
LH,2020-03-17,71.425,Short2,enterS2,Short2
LH,2020-03-30,60.775,exitS2,exitS2,
LH,2020-03-31,61.325,Short2,enterS2,Short2
LH,2020-04-02,53.825,exitS2,exitS2,
LH,2020-04-06,50.65,Short2,enterS2,Short2
LH,2020-05-21,58.125,Long3,enterL3,Long3
LH,2020-05-22,56.85,exitL3,exitL3,
LH,2020-05-26,60.525,Long3,enterL3,Long3
LH,2020-05-27,60.25,exitL3,exitL3,
LH,2020-05-29,57.975,Long3,enterL3,Long3
LH,2020-06-01,56.1,exitL3,exitL3,
LH,2020-06-17,51.1,Long3,enterL3,Long3
LH,2020-06-18,51.4,exitL3,exitL3,
LH,2020-07-16,50.0,Long3,enterL3,Long3
LH,2020-07-17,49.25,exitL3,exitL3,
LH,2020-07-31,47.8,Long3,enterL3,Long3
LH,2020-08-03,46.575,exitL3,exitL3,
LH,2020-08-21,52.425,Short3,enterS3,Short3
MP1,2017-01-12,0.03232,Short2,enterS2,Short2
MP1,2017-05-30,0.04076,Short3,enterS3,Short3
MP1,2017-09-29,0.04315,Short1,enterS1,Short1
MP1,2018-01-16,0.04247,exitL1,exitL1,
MP1,2018-06-06,0.03965,exitS3,exitS3,
MP1,2018-06-08,0.03977,Long3,enterL3,Long3
MP1,2018-06-11,0.03902,exitL3,exitL3,
MP1,2018-06-15,0.03901,Long3,enterL3,Long3
MP1,2018-06-18,0.03923,exitL3,exitL3,
MP1,2018-09-05,0.04282,Long3,enterL3,Long3
MP1,2018-09-06,0.04327,exitL3,exitL3,
MP1,2020-03-02,0.04673,Long3,enterL3,Long3
MP1,2020-03-03,0.04655,exitL3,exitL3,
MP1,2020-04-06,0.03585,Long3,enterL3,Long3
MP1,2020-04-07,0.03652,exitL3,exitL3,
MP1,2020-05-29,0.04081,Long1,enterL1,Long1
MP1,2020-06-09,0.04143,Short3,enterS3,Short3
MP1,2020-06-10,0.04153,exitS3,exitS3,
MP1,2020-06-11,0.0397,exitL1,exitL1,
MP1,2020-09-18,0.04367,Short3,enterS3,Short3
MP1,2020-09-24,0.04158,exitS3,exitS3,
MP1,2020-10-06,0.04253,Short3,enterS3,Short3
MP1,2021-01-29,0.04568,Short1,enterS1,Short1
MP1,2021-02-02,0.04676,exitL1,exitL1,
MP,2017-01-12,0.03225,Short2,enterS2,Short2
MP,2017-02-06,0.03504,Short3,enterS3,Short3
MP,2017-09-27,0.04336,Short1,enterS1,Short1
MP,2017-11-29,0.04272,exitL1,exitL1,
MP,2018-10-29,0.04148,Short1,enterS1,Short1
MP,2018-12-27,0.04295,exitL1,exitL1,
MP,2019-05-31,0.04408,Short1,enterS1,Short1
MP,2019-06-10,0.04543,exitL1,exitL1,
MP,2020-05-28,0.04104,Long1,enterL1,Long1
MP,2020-05-28,0.04104,exitS3,exitS3,
MP,2020-06-09,0.04175,Short3,enterS3,Short3
MP,2020-06-10,0.0418,exitS3,exitS3,
MP,2020-06-11,0.04003,Short3,enterS3,Short3
MP,2020-06-12,0.04078,exitS3,exitS3,
MP,2020-06-24,0.03999,exitL1,exitL1,
MP,2021-01-29,0.04598,Short1,enterS1,Short1
MP,2021-02-02,0.04694,exitL1,exitL1,
MP,2021-02-22,0.04565,Short1,enterS1,Short1
MP,2021-03-09,0.04469,Long3,enterL3,Long3
MP,2021-03-10,0.04534,exitL3,exitL3,
MP,2021-04-01,0.0468,exitL1,exitL1,
MP,2021-04-20,0.04773,Short3,enterS3,Short3
MP,2021-11-26,0.04479,exitS3,exitS3,
MW,2017-01-17,746.75,Short3,enterS3,Short3
MW,2017-02-01,736.0,Short2,enterS2,Short2
MW,2017-03-07,720.0,exitS3,exitS3,
MW,2017-07-06,934.75,Short3,enterS3,Short3
MW,2017-07-07,932.5,exitS3,exitS3,
MW,2017-08-14,841.75,Long3,enterL3,Long3
MW,2017-08-15,828.25,exitL3,exitL3,
MW,2017-08-24,826.5,Long3,enterL3,Long3
MW,2017-08-25,827.0,exitL3,exitL3,
MW,2017-09-06,802.25,Long3,enterL3,Long3
MW,2017-09-07,807.5,exitL3,exitL3,
MW,2017-12-01,774.75,Long3,enterL3,Long3
MW,2017-12-04,772.25,exitL3,exitL3,
MW,2018-03-23,735.5,Long3,enterL3,Long3
MW,2018-03-26,730.0,exitL3,exitL3,
MW,2018-05-24,758.0,Short3,enterS3,Short3
MW,2018-06-05,720.25,exitS3,exitS3,
MW,2018-06-27,654.25,exitS2,exitS2,
MW,2018-07-03,648.25,Short2,enterS2,Short2
MW,2018-07-19,649.75,Long3,enterL3,Long3
MW,2018-07-20,668.0,exitL3,exitL3,
MW,2018-08-02,723.5,Short3,enterS3,Short3
MW,2018-08-28,672.75,exitS3,exitS3,
MW,2018-09-10,675.75,Long3,enterL3,Long3
MW,2018-09-11,671.0,exitL3,exitL3,
MW,2019-08-30,573.75,exitS2,exitS2,
MW,2019-09-04,571.0,Short2,enterS2,Short2
MW,2019-09-30,621.5,Short3,enterS3,Short3
MW,2019-11-12,598.75,exitS3,exitS3,
MW,2019-11-25,574.5,Long3,enterL3,Long3
MW,2019-11-26,573.5,exitL3,exitL3,
MW,2019-11-29,576.0,Long3,enterL3,Long3
MW,2019-12-02,571.25,exitL3,exitL3,
MW,2020-01-03,609.0,Short3,enterS3,Short3
MW,2020-02-14,587.0,exitS3,exitS3,
MW,2020-09-21,548.0,Short3,enterS3,Short3
NG1,2017-01-23,6.444,Short2,enterS2,Short2
NG1,2017-02-28,5.834,Long3,enterL3,Long3
NG1,2017-03-01,5.862,exitL3,exitL3,
NG1,2017-06-15,5.869,Long3,enterL3,Long3
NG1,2017-06-16,5.852,exitL3,exitL3,
NG1,2017-07-05,5.652,exitS2,exitS2,
NG1,2017-07-06,5.691,Short2,enterS2,Short2
NG1,2017-11-13,5.704,Short3,enterS3,Short3
NG1,2017-11-27,5.5,exitS3,exitS3,
NG1,2017-12-21,5.055,exitS2,exitS2,
NG1,2017-12-22,5.121,Short2,enterS2,Short2
NG1,2017-12-27,5.187,Long3,enterL3,Long3
NG1,2017-12-28,5.376,exitL3,exitL3,
NG1,2018-01-31,5.483,Short3,enterS3,Short3
NG1,2018-02-05,5.284,exitS3,exitS3,
NG1,2018-09-26,5.422,Short3,enterS3,Short3
NG1,2019-02-08,5.2,exitS3,exitS3,
NG1,2019-06-11,4.867,Long3,enterL3,Long3
NG1,2019-06-12,4.848,exitL3,exitL3,
NG1,2019-06-14,4.856,Long3,enterL3,Long3
NG1,2019-06-17,4.844,exitL3,exitL3,
NG1,2019-09-19,5.025,Short3,enterS3,Short3
NG1,2019-09-30,4.776,exitS3,exitS3,
NG1,2019-10-03,4.787,Long3,enterL3,Long3
NG1,2019-10-04,4.798,exitL3,exitL3,
NG1,2019-10-15,4.791,Long3,enterL3,Long3
NG1,2019-10-16,4.743,exitL3,exitL3,
NG1,2019-11-29,4.477,exitS2,exitS2,
NG1,2019-12-02,4.507,Short2,enterS2,Short2
NG1,2019-12-12,4.503,Long3,enterL3,Long3
NG1,2019-12-13,4.471,exitL3,exitL3,
NG1,2020-02-10,3.982,exitS2,exitS2,
NG1,2020-02-11,4.004,Short2,enterS2,Short2
NG1,2020-02-12,4.063,Long3,enterL3,Long3
NG1,2020-02-13,4.042,exitL3,exitL3,
NG1,2020-03-02,3.958,Long3,enterL3,Long3
NG1,2020-03-03,4.007,exitL3,exitL3,
NG1,2020-03-09,4.02,Long3,enterL3,Long3
NG1,2020-03-10,4.125,exitL3,exitL3,
NG1,2020-04-03,3.824,Long3,enterL3,Long3
NG1,2020-04-06,3.914,exitL3,exitL3,
NG1,2020-06-01,3.544,exitS2,exitS2,
NG1,2020-06-03,3.573,Short2,enterS2,Short2
NG1,2020-06-10,3.554,Long3,enterL3,Long3
NG1,2020-06-11,3.579,exitL3,exitL3,
NG1,2020-07-22,3.351,Long3,enterL3,Long3
NG1,2020-07-23,3.45,exitL3,exitL3,
NG1,2020-08-06,3.778,Short3,enterS3,Short3
NG1,2020-09-18,3.637,exitS3,exitS3,
NG1,2020-09-21,3.749,Long3,enterL3,Long3
NG1,2020-09-22,3.602,exitL3,exitL3,
NG1,2020-11-16,3.152,exitS2,exitS2,
NG1,2020-11-18,3.152,Short2,enterS2,Short2
NG1,2020-12-03,2.819,exitS2,exitS2,
NG1,2020-12-04,2.86,Short2,enterS2,Short2
NG1,2020-12-10,2.88,Long3,enterL3,Long3
NG1,2020-12-11,2.902,exitL3,exitL3,
NG1,2021-01-25,2.902,Long3,enterL3,Long3
NG1,2021-01-26,2.934,exitL3,exitL3,
NG1,2021-02-02,3.126,Short3,enterS3,Short3
NG1,2021-03-15,2.856,exitS3,exitS3,
NG1,2021-03-19,2.896,Long3,enterL3,Long3
NG1,2021-03-22,2.93,exitL3,exitL3,
NG1,2021-05-18,3.245,Short3,enterS3,Short3
NG1,2021-05-24,3.131,exitS3,exitS3,
NG1,2021-06-15,3.397,Short3,enterS3,Short3
NQ,2017-05-17,5736.25,Short3,enterS3,Short3
NQ,2017-06-30,5802.75,Short2,enterS2,Short2
O2,2017-01-10,199.0,Short2,enterS2,Short2
O2,2017-01-26,227.75,Short3,enterS3,Short3
O2,2017-01-31,216.75,exitS3,exitS3,
O2,2017-03-16,226.0,Short3,enterS3,Short3
O2,2017-03-28,211.75,exitS3,exitS3,
O2,2017-04-11,196.5,Long3,enterL3,Long3
O2,2017-04-12,201.25,exitL3,exitL3,
O2,2017-06-02,226.5,Short3,enterS3,Short3
O2,2017-06-06,236.75,exitS3,exitS3,
O2,2017-06-20,241.75,Short3,enterS3,Short3
O2,2017-06-26,231.25,exitS3,exitS3,
O2,2017-10-16,234.0,Short3,enterS3,Short3
O2,2017-11-24,226.25,exitS3,exitS3,
O2,2017-11-29,223.25,Long3,enterL3,Long3
O2,2017-11-30,222.75,exitL3,exitL3,
O2,2018-01-19,217.5,Short3,enterS3,Short3
O2,2018-03-19,193.5,exitS3,exitS3,
O2,2018-05-29,199.0,Short3,enterS3,Short3
O2,2018-05-31,199.75,exitS3,exitS3,
O2,2018-08-07,217.75,Short3,enterS3,Short3
O2,2018-08-28,206.0,exitS3,exitS3,
O2,2018-09-10,205.5,Long3,enterL3,Long3
O2,2018-09-11,200.5,exitL3,exitL3,
O2,2018-09-17,197.0,Long3,enterL3,Long3
O2,2018-09-18,199.75,exitL3,exitL3,
O2,2018-10-05,241.0,Short3,enterS3,Short3
O2,2018-12-28,228.25,exitS3,exitS3,
O2,2019-01-02,233.0,Long3,enterL3,Long3
O2,2019-01-03,233.25,exitL3,exitL3,
O2,2019-01-15,247.25,Short3,enterS3,Short3
O2,2019-01-29,236.75,exitS3,exitS3,
O2,2019-03-12,218.5,Long3,enterL3,Long3
O2,2019-03-13,219.75,exitL3,exitL3,
O2,2019-04-30,251.25,Short3,enterS3,Short3
O2,2019-05-03,247.0,exitS3,exitS3,
O2,2019-05-22,273.25,Short3,enterS3,Short3
O2,2019-06-06,263.25,exitS3,exitS3,
O2,2019-07-11,246.25,Long3,enterL3,Long3
O2,2019-07-12,249.25,exitL3,exitL3,
O2,2019-10-04,251.5,Short3,enterS3,Short3
O2,2020-03-02,228.75,exitS3,exitS3,
O2,2020-05-27,306.75,Short3,enterS3,Short3
O2,2020-06-09,296.5,exitS3,exitS3,
O2,2020-06-30,293.0,Short3,enterS3,Short3
O2,2020-07-14,270.25,exitS3,exitS3,
O2,2020-11-24,296.0,Long3,enterL3,Long3
O2,2020-11-25,292.5,exitL3,exitL3,
O2,2021-01-04,348.25,Short3,enterS3,Short3
PA2,2017-01-23,810.05,Short3,enterS3,Short3
PA2,2017-01-26,763.0,exitS3,exitS3,
PA2,2017-01-27,777.15,Short2,enterS2,Short2
PA2,2017-03-27,831.85,Short3,enterS3,Short3
PA2,2017-05-19,798.1,exitS3,exitS3,
PA2,2017-06-23,894.55,Short3,enterS3,Short3
PA2,2017-07-07,869.15,exitS3,exitS3,
PA2,2017-08-25,968.95,Short3,enterS3,Short3
PA2,2018-07-20,932.7,exitS3,exitS3,
PA2,2018-10-12,1109.0,Short3,enterS3,Short3
PL1,2017-02-09,1089.2,Short3,enterS3,Short3
PL1,2017-03-03,1073.0,Short2,enterS2,Short2
PL1,2017-03-08,1020.0,exitS3,exitS3,
PL1,2017-03-15,1027.0,Long3,enterL3,Long3
PL1,2017-03-16,1030.2,exitL3,exitL3,
PL1,2017-08-14,1039.5,Short3,enterS3,Short3
PL1,2017-09-25,1008.7,exitS3,exitS3,
PL1,2017-12-08,950.9,exitS2,exitS2,
PL1,2017-12-13,950.6,Short2,enterS2,Short2
PL1,2017-12-15,957.1,Long3,enterL3,Long3
PL1,2017-12-18,976.6,exitL3,exitL3,
PL1,2018-03-09,1028.4,Long3,enterL3,Long3
PL1,2018-03-12,1026.0,exitL3,exitL3,
PL1,2018-07-03,897.7,Long3,enterL3,Long3
PL1,2018-07-05,898.4,exitL3,exitL3,
PL1,2018-07-20,882.3,Long3,enterL3,Long3
PL1,2018-07-23,887.5,exitL3,exitL3,
PL1,2018-08-15,821.7,exitS2,exitS2,
PL1,2018-08-16,833.2,Short2,enterS2,Short2
PL1,2019-03-04,885.2,Short3,enterS3,Short3
PL1,2019-03-08,865.2,exitS3,exitS3,
PL1,2019-03-14,871.9,Short3,enterS3,Short3
PL1,2019-05-24,847.6,exitS3,exitS3,
PL1,2019-06-03,863.4,Long3,enterL3,Long3
PL1,2019-06-04,862.3,exitL3,exitL3,
PL1,2019-06-11,856.3,Long3,enterL3,Long3
PL1,2019-06-12,852.2,exitL3,exitL3,
PL1,2019-07-19,886.8,Short3,enterS3,Short3
PL1,2020-03-13,786.1,exitS3,exitS3,
PL1,2020-03-16,690.8,exitS2,exitS2,
PL1,2020-03-20,634.2,Short2,enterS2,Short2
PL1,2020-06-15,847.4,Long3,enterL3,Long3
PL1,2020-06-16,860.5,exitL3,exitL3,
PL1,2020-08-11,961.9,Short3,enterS3,Short3
PL1,2020-08-12,961.4,exitS3,exitS3,
PL1,2020-08-19,958.6,Short3,enterS3,Short3
PL1,2020-08-24,942.3,exitS3,exitS3,
PL1,2020-09-28,898.8,Long3,enterL3,Long3
PL1,2020-09-29,902.9,exitL3,exitL3,
PL1,2020-10-09,907.3,Long3,enterL3,Long3
PL1,2020-10-12,890.0,exitL3,exitL3,
PL1,2020-10-15,876.6,Long3,enterL3,Long3
PL1,2020-10-16,874.6,exitL3,exitL3,
PL1,2021-01-15,1082.3,Short3,enterS3,Short3
PL1,2021-06-18,1034.5,exitS3,exitS3,
PL1,2021-07-09,1095.0,Long3,enterL3,Long3
PL1,2021-07-12,1114.8,exitL3,exitL3,
PL1,2021-08-27,1002.7,Long3,enterL3,Long3
PL1,2021-08-30,998.9,exitL3,exitL3,
PL1,2021-09-21,946.2,Long3,enterL3,Long3
PL1,2021-09-22,991.8,exitL3,exitL3,
PL1,2021-11-16,1066.7,Short3,enterS3,Short3
PL1,2021-11-22,1011.4,exitS3,exitS3,
PL1,2021-12-16,928.2,Long3,enterL3,Long3
PL1,2021-12-17,924.1,exitL3,exitL3,
PL1,2022-02-18,1069.5,Short3,enterS3,Short3
PL2,2017-03-03,1063.0,Short2,enterS2,Short2
PL2,2017-12-08,943.2,exitS2,exitS2,
PL2,2017-12-11,952.3,Short2,enterS2,Short2
PL2,2017-12-18,972.7,Long3,enterL3,Long3
PL2,2017-12-19,973.6,exitL3,exitL3,
PL2,2018-01-22,1054.5,Short3,enterS3,Short3
PL2,2018-02-12,1030.5,exitS3,exitS3,
PL2,2018-03-09,1021.9,Long3,enterL3,Long3
PL2,2018-03-12,1020.6,exitL3,exitL3,
PL2,2018-04-09,991.4,Long3,enterL3,Long3
PL2,2018-04-10,985.1,exitL3,exitL3,
PL2,2018-07-03,896.1,Long3,enterL3,Long3
PL2,2018-07-05,891.2,exitL3,exitL3,
PL2,2018-07-12,896.2,Long3,enterL3,Long3
PL2,2018-07-13,880.1,exitL3,exitL3,
PL2,2018-07-20,879.3,Long3,enterL3,Long3
PL2,2018-07-23,880.8,exitL3,exitL3,
PL2,2018-08-13,849.3,exitS2,exitS2,
PL2,2018-08-16,834.3,Short2,enterS2,Short2
PL2,2018-08-27,854.0,Long3,enterL3,Long3
PL2,2018-08-28,845.1,exitL3,exitL3,
PL2,2018-12-12,853.5,Long3,enterL3,Long3
PL2,2018-12-13,843.9,exitL3,exitL3,
PL2,2019-03-04,882.0,Short3,enterS3,Short3
PL2,2019-03-08,860.7,exitS3,exitS3,
PL2,2019-03-14,870.2,Short3,enterS3,Short3
PL2,2019-05-24,841.0,exitS3,exitS3,
PL2,2019-06-03,859.0,Long3,enterL3,Long3
PL2,2019-06-04,857.2,exitL3,exitL3,
PL2,2019-06-11,852.4,Long3,enterL3,Long3
PL2,2019-06-12,848.6,exitL3,exitL3,
PL2,2019-10-28,945.1,Short3,enterS3,Short3
PL2,2019-11-12,896.0,exitS3,exitS3,
PL2,2020-01-06,986.1,Short3,enterS3,Short3
PL2,2020-02-26,934.7,exitS3,exitS3,
PL2,2020-03-16,677.6,exitS2,exitS2,
PL2,2020-03-20,642.4,Short2,enterS2,Short2
PL2,2020-07-09,862.5,Short3,enterS3,Short3
PL2,2020-07-15,858.8,exitS3,exitS3,
PL2,2020-08-07,986.0,Short3,enterS3,Short3
PL2,2020-08-10,1018.3,exitS3,exitS3,
PL2,2020-09-17,946.5,Short3,enterS3,Short3
PL2,2020-09-22,873.0,exitS3,exitS3,
PL2,2020-09-28,899.2,Long3,enterL3,Long3
PL2,2020-09-29,905.5,exitL3,exitL3,
PL2,2021-02-02,1098.2,Short3,enterS3,Short3
PL2,2021-06-18,1038.6,exitS3,exitS3,
PL2,2021-07-09,1090.3,Long3,enterL3,Long3
PL2,2021-07-12,1117.6,exitL3,exitL3,
PL2,2021-08-27,1001.1,Long3,enterL3,Long3
PL2,2021-08-30,996.7,exitL3,exitL3,
PL2,2021-09-21,945.4,Long3,enterL3,Long3
PL2,2021-09-22,995.7,exitL3,exitL3,
PL2,2021-12-16,925.1,Long3,enterL3,Long3
PL2,2021-12-17,930.7,exitL3,exitL3,
S2,2017-01-31,1128.5,Short2,enterS2,Short2
S2,2017-05-26,1009.0,exitS2,exitS2,
S2,2017-05-31,998.5,Short2,enterS2,Short2
S2,2017-07-13,1062.75,Short3,enterS3,Short3
S2,2017-08-02,1052.75,exitS3,exitS3,
S2,2017-09-25,1046.5,Short3,enterS3,Short3
S2,2018-01-12,1014.25,exitS3,exitS3,
S2,2018-02-20,1080.75,Short3,enterS3,Short3
S2,2018-05-18,1031.25,exitS3,exitS3,
S2,2018-06-26,897.5,exitS2,exitS2,
S2,2018-06-27,899.0,Short2,enterS2,Short2
S2,2018-07-06,904.5,Long3,enterL3,Long3
S2,2018-07-09,882.0,exitL3,exitL3,
S2,2018-08-16,907.0,Long3,enterL3,Long3
S2,2018-08-17,902.75,exitL3,exitL3,
S2,2018-09-19,840.0,Long3,enterL3,Long3
S2,2018-09-20,860.25,exitL3,exitL3,
S2,2018-12-13,903.5,Short3,enterS3,Short3
S2,2018-12-27,865.5,exitS3,exitS3,
S2,2019-05-01,807.25,exitS2,exitS2,
S2,2019-05-06,785.75,Short2,enterS2,Short2
S2,2020-04-21,723.25,Long3,enterL3,Long3
S2,2020-04-22,725.0,exitL3,exitL3,
S2,2020-08-31,825.25,Short3,enterS3,Short3
SB,2017-01-11,23.13,Short2,enterS2,Short2
SB,2017-03-09,20.56,exitS2,exitS2,
SB,2017-03-10,20.78,Short2,enterS2,Short2
SB,2017-04-26,18.09,exitS2,exitS2,
SB,2017-04-28,18.65,Short2,enterS2,Short2
SB,2017-04-28,18.65,Long3,enterL3,Long3
SB,2017-05-01,18.7,exitL3,exitL3,
SB,2017-05-10,18.36,Long3,enterL3,Long3
SB,2017-05-11,18.15,exitL3,exitL3,
SB,2017-06-15,15.97,exitS2,exitS2,
SB,2017-06-19,15.96,Short2,enterS2,Short2
SB,2017-06-29,15.79,Long3,enterL3,Long3
SB,2017-06-30,16.1,exitL3,exitL3,
SB,2017-11-28,16.86,Short3,enterS3,Short3
SB,2017-12-07,16.13,exitS3,exitS3,
SB,2017-12-19,16.23,Long3,enterL3,Long3
SB,2017-12-20,16.39,exitL3,exitL3,
SB,2018-02-05,15.72,Long3,enterL3,Long3
SB,2018-02-06,15.66,exitL3,exitL3,
SB,2018-03-19,14.83,Long3,enterL3,Long3
SB,2018-03-20,14.5,exitL3,exitL3,
SB,2018-03-28,14.15,exitS2,exitS2,
SB,2018-03-29,14.29,Short2,enterS2,Short2
SB,2018-07-12,12.67,exitS2,exitS2,
SB,2018-07-16,12.73,Short2,enterS2,Short2
SB,2018-09-28,12.13,Long3,enterL3,Long3
SB,2018-10-01,12.54,exitL3,exitL3,
SB,2018-10-29,14.43,Short3,enterS3,Short3
SB,2018-11-07,13.94,exitS3,exitS3,
SB,2019-01-17,13.78,Short3,enterS3,Short3
SB,2019-03-07,13.25,exitS3,exitS3,
SB,2019-05-21,12.8,Long3,enterL3,Long3
SB,2019-05-22,12.61,exitL3,exitL3,
SB,2019-07-23,12.68,Long3,enterL3,Long3
SB,2019-07-24,12.76,exitL3,exitL3,
SB,2019-08-09,12.56,Long3,enterL3,Long3
SB,2019-08-12,12.26,exitL3,exitL3,
SB,2019-12-13,13.12,Short3,enterS3,Short3
SB,2020-03-13,12.04,exitS3,exitS3,
SB,2020-03-17,11.23,exitS2,exitS2,
SB,2020-03-20,11.25,Short2,enterS2,Short2
SB,2020-04-24,10.03,exitS2,exitS2,
SB,2020-04-28,9.74,Short2,enterS2,Short2
SB,2020-07-06,12.08,Short3,enterS3,Short3
SB,2020-07-14,11.47,exitS3,exitS3,
SB,2020-08-05,12.69,Short3,enterS3,Short3
SB,2020-09-04,12.08,exitS3,exitS3,
SB,2020-09-15,12.19,Long3,enterL3,Long3
SB,2020-09-16,12.4,exitL3,exitL3,
SB,2020-09-28,12.53,Short3,enterS3,Short3
SF1,2017-02-14,1.1055,Short2,enterS2,Short2
SF1,2020-03-10,1.0876,Short3,enterS3,Short3
SF1,2020-03-20,1.0374,exitS3,exitS3,
SF,2017-02-22,1.1071,Short2,enterS2,Short2
SI1,2017-03-10,1938.0,Short2,enterS2,Short2
SI1,2017-03-15,1968.0,Long3,enterL3,Long3
SI1,2017-03-16,1965.5,exitL3,exitL3,
SI1,2017-09-25,1932.5,Long3,enterL3,Long3
SI1,2017-09-26,1895.0,exitL3,exitL3,
SI1,2017-10-06,1895.5,Long3,enterL3,Long3
SI1,2017-10-09,1909.5,exitL3,exitL3,
SI1,2018-07-17,1736.5,exitS2,exitS2,
SI1,2018-07-20,1733.0,Short2,enterS2,Short2
SI1,2018-07-20,1733.0,Long3,enterL3,Long3
SI1,2018-07-23,1716.0,exitL3,exitL3,
SI1,2019-03-08,1677.5,Long3,enterL3,Long3
SI1,2019-03-11,1673.5,exitL3,exitL3,
SI1,2019-09-25,1908.0,Short3,enterS3,Short3
SI1,2019-09-30,1815.0,exitS3,exitS3,
SI1,2019-11-26,1815.5,Long3,enterL3,Long3
SI1,2019-11-27,1802.5,exitL3,exitL3,
SI1,2019-12-31,1887.0,Short3,enterS3,Short3
SI1,2020-03-02,1761.5,exitS3,exitS3,
SI1,2020-03-16,1380.0,exitS2,exitS2,
SI1,2020-03-19,1303.0,Short2,enterS2,Short2
SI1,2020-04-02,1551.5,Long3,enterL3,Long3
SI1,2020-04-03,1541.0,exitL3,exitL3,
SI1,2020-04-22,1615.5,Long3,enterL3,Long3
SI1,2020-04-23,1623.0,exitL3,exitL3,
SI1,2020-05-07,1632.5,Long3,enterL3,Long3
SI1,2020-05-08,1647.0,exitL3,exitL3,
SI1,2020-08-11,2537.5,Short3,enterS3,Short3
SI1,2020-08-12,2612.0,exitS3,exitS3,
SI1,2020-09-03,2712.0,Short3,enterS3,Short3
SI1,2020-09-22,2487.0,exitS3,exitS3,
SI1,2020-11-30,2297.5,Long3,enterL3,Long3
SI1,2020-12-01,2439.5,exitL3,exitL3,
SI1,2020-12-22,2557.0,Short3,enterS3,Short3
SI1,2021-01-12,2590.0,exitS3,exitS3,
SI1,2021-01-19,2553.0,Long3,enterL3,Long3
SI1,2021-01-20,2616.0,exitL3,exitL3,
SI1,2021-03-25,2535.0,Long3,enterL3,Long3
SI1,2021-03-26,2532.0,exitL3,exitL3,
SI1,2021-03-31,2465.5,Long3,enterL3,Long3
SI1,2021-04-01,2525.5,exitL3,exitL3,
SI1,2021-05-12,2727.5,Short3,enterS3,Short3
SI1,2021-06-18,2602.0,exitS3,exitS3,
SI1,2021-08-23,2377.5,Long3,enterL3,Long3
SI1,2021-08-24,2402.0,exitL3,exitL3,
SI1,2021-09-30,2224.5,Long3,enterL3,Long3
SI1,2021-10-01,2264.5,exitL3,exitL3,
SI1,2021-12-15,2211.5,Long3,enterL3,Long3
SI1,2021-12-16,2255.0,exitL3,exitL3,
SM2,2017-02-06,422.1,Short2,enterS2,Short2
SM2,2017-05-30,378.0,exitS2,exitS2,
SM2,2017-06-02,382.3,Short2,enterS2,Short2
SM2,2017-07-13,399.6,Short3,enterS3,Short3
SM2,2017-08-02,390.0,exitS3,exitS3,
SM2,2017-10-09,390.0,Short3,enterS3,Short3
SM2,2018-08-24,373.3,exitS3,exitS3,
SM2,2018-09-19,366.2,Long3,enterL3,Long3
SM2,2018-09-20,371.4,exitL3,exitL3,
SM2,2019-05-06,339.9,exitS2,exitS2,
SM2,2019-05-13,330.6,Short2,enterS2,Short2
SM2,2019-05-13,330.6,Long3,enterL3,Long3
SM2,2019-05-14,341.3,exitL3,exitL3,
SM2,2019-06-19,359.9,Short3,enterS3,Short3
SM2,2019-07-08,347.2,exitS3,exitS3,
SM2,2019-08-05,337.2,Long3,enterL3,Long3
SM2,2019-08-06,337.5,exitL3,exitL3,
SM2,2019-08-13,339.5,Long3,enterL3,Long3
SM2,2019-08-14,334.8,exitL3,exitL3,
SM2,2020-03-05,326.6,Short3,enterS3,Short3
SM2,2020-04-14,310.5,exitS3,exitS3,
SM2,2020-04-21,311.9,Long3,enterL3,Long3
SM2,2020-04-22,310.3,exitL3,exitL3,
SM2,2020-04-30,312.5,Long3,enterL3,Long3
SM2,2020-05-01,309.9,exitL3,exitL3,
SM2,2020-06-29,297.1,exitS2,exitS2,
SM2,2020-06-30,304.4,Short2,enterS2,Short2
SM2,2020-07-10,308.6,Short3,enterS3,Short3
SM2,2020-08-06,296.9,exitS3,exitS3,
SM2,2020-09-14,330.5,Short3,enterS3,Short3
SM2,2021-10-05,312.0,exitS3,exitS3,
SM2,2021-11-23,352.1,Short3,enterS3,Short3
SM2,2021-11-30,337.8,exitS3,exitS3,
SM2,2021-12-15,367.8,Short3,enterS3,Short3
TU2,2017-02-16,107.938,Short2,enterS2,Short2
TY,2017-01-20,118.891,Short2,enterS2,Short2
W2,2017-01-31,676.0,Short2,enterS2,Short2
W2,2017-02-16,702.5,Short3,enterS3,Short3
W2,2017-03-14,671.75,exitS3,exitS3,
W2,2017-10-23,621.5,Long3,enterL3,Long3
W2,2017-10-24,622.75,exitL3,exitL3,
W2,2017-11-24,602.25,exitS2,exitS2,
W2,2017-11-28,596.75,Short2,enterS2,Short2
W2,2018-03-23,614.75,Long3,enterL3,Long3
W2,2018-03-26,608.75,exitL3,exitL3,
W2,2018-04-24,621.75,Long3,enterL3,Long3
W2,2018-04-25,636.5,exitL3,exitL3,
W2,2018-04-26,627.0,Short3,enterS3,Short3
W2,2018-07-03,612.75,exitS3,exitS3,
W2,2018-08-02,682.25,Short3,enterS3,Short3
W2,2018-08-22,643.5,exitS3,exitS3,
W2,2018-08-29,640.0,Long3,enterL3,Long3
W2,2018-08-30,633.25,exitL3,exitL3,
W2,2018-09-10,626.5,Long3,enterL3,Long3
W2,2018-09-11,617.0,exitL3,exitL3,
W2,2018-10-26,603.5,Long3,enterL3,Long3
W2,2018-10-29,605.5,exitL3,exitL3,
W2,2019-03-05,548.25,Long3,enterL3,Long3
W2,2019-03-06,535.5,exitS2,exitS2,
W2,2019-03-08,525.0,Short2,enterS2,Short2
W2,2019-03-08,525.0,exitL3,exitL3,
W2,2019-03-12,538.5,Long3,enterL3,Long3
W2,2019-03-13,532.75,exitL3,exitL3,
W2,2019-05-29,571.0,Short3,enterS3,Short3
W2,2019-07-23,564.25,exitS3,exitS3,
W2,2019-08-02,567.75,Long3,enterL3,Long3
W2,2019-08-05,571.5,exitL3,exitL3,
W2,2019-08-23,550.25,Long3,enterL3,Long3
W2,2019-08-26,547.75,exitL3,exitL3,
W2,2019-10-21,596.0,Short3,enterS3,Short3
W2,2020-03-13,574.75,exitS3,exitS3,
W2,2020-04-30,592.0,Long3,enterL3,Long3
W2,2020-05-01,584.25,exitL3,exitL3,
W2,2020-05-04,587.25,Long3,enterL3,Long3
W2,2020-05-05,588.5,exitL3,exitL3,
W2,2020-07-16,597.25,Short3,enterS3,Short3
W2,2020-08-05,572.75,exitS3,exitS3,
W2,2020-10-08,648.5,Short3,enterS3,Short3
W2,2020-12-02,632.75,exitS3,exitS3,
W2,2020-12-09,627.5,Long3,enterL3,Long3
W2,2020-12-10,640.75,exitL3,exitL3,
W2,2020-12-14,640.75,Short3,enterS3,Short3
ZB,2017-01-26,129.375,Short2,enterS2,Short2
ZB,2018-12-20,132.0625,Short3,enterS3,Short3
ZF,2017-01-20,115.3281,Short2,enterS2,Short2
ZM,2017-02-06,424.8,Short2,enterS2,Short2
ZM,2017-05-30,380.0,exitS2,exitS2,
ZM,2017-06-02,385.0,Short2,enterS2,Short2
ZM,2017-06-02,385.0,Long3,enterL3,Long3
ZM,2017-06-05,382.7,exitL3,exitL3,
ZM,2017-07-13,401.9,Short3,enterS3,Short3
ZM,2017-08-02,391.6,exitS3,exitS3,
ZM,2017-10-09,392.5,Short3,enterS3,Short3
ZM,2018-08-24,375.6,exitS3,exitS3,
ZM,2018-08-31,367.6,Long3,enterL3,Long3
ZM,2018-09-04,370.6,exitL3,exitL3,
ZM,2018-09-19,369.5,Long3,enterL3,Long3
ZM,2018-09-20,373.5,exitL3,exitL3,
ZM,2019-05-07,339.7,exitS2,exitS2,
ZM,2019-05-13,333.5,Short2,enterS2,Short2
ZM,2019-05-13,333.5,Long3,enterL3,Long3
ZM,2019-05-14,342.7,exitL3,exitL3,
ZM,2019-06-18,367.6,Short3,enterS3,Short3
ZM,2019-07-02,350.6,exitS3,exitS3,
ZM,2019-08-05,339.4,Long3,enterL3,Long3
ZM,2019-08-06,340.2,exitL3,exitL3,
ZM,2019-08-13,342.5,Long3,enterL3,Long3
ZM,2019-08-14,337.9,exitL3,exitL3,
ZM,2020-03-05,329.6,Short3,enterS3,Short3
ZM,2020-04-14,314.2,exitS3,exitS3,
ZM,2020-04-21,314.5,Long3,enterL3,Long3
ZM,2020-04-22,313.6,exitL3,exitL3,
ZM,2020-04-30,315.8,Long3,enterL3,Long3
ZM,2020-05-01,312.6,exitL3,exitL3,
ZM,2020-07-10,311.5,Short3,enterS3,Short3
ZM,2020-08-06,299.9,exitS3,exitS3,
ZM,2020-08-07,298.5,exitS2,exitS2,
ZM,2020-08-10,301.4,Short2,enterS2,Short2
ZM,2020-09-14,332.9,Short3,enterS3,Short3
ZM,2021-10-04,316.3,exitS3,exitS3,
ZM,2021-11-23,354.2,Short3,enterS3,Short3
ZM,2021-11-30,340.6,exitS3,exitS3,
ZM,2021-12-15,369.2,Short3,enterS3,Short3
ZN,2017-01-20,118.938,Short2,enterS2,Short2
ZN,2020-03-10,133.094,Short3,enterS3,Short3
ZN,2022-01-18,127.297,exitS3,exitS3,
ZS,2017-01-31,1126.75,Short2,enterS2,Short2
ZS,2017-05-26,1007.0,exitS2,exitS2,
ZS,2017-05-31,997.0,Short2,enterS2,Short2
ZS,2017-07-13,1061.25,Short3,enterS3,Short3
ZS,2017-08-02,1049.0,exitS3,exitS3,
ZS,2017-09-25,1044.75,Short3,enterS3,Short3
ZS,2018-01-12,1014.75,exitS3,exitS3,
ZS,2018-03-07,1105.0,Short3,enterS3,Short3
ZS,2018-04-05,1072.0,exitS3,exitS3,
ZS,2018-06-26,895.25,exitS2,exitS2,
ZS,2018-07-06,902.25,Short2,enterS2,Short2
ZS,2018-07-06,902.25,Long3,enterL3,Long3
ZS,2018-07-09,880.0,exitL3,exitL3,
ZS,2018-08-16,904.75,Long3,enterL3,Long3
ZS,2018-08-17,905.75,exitL3,exitL3,
ZS,2018-08-31,853.5,Long3,enterL3,Long3
ZS,2018-09-04,851.75,exitL3,exitL3,
ZS,2018-09-19,838.5,Long3,enterL3,Long3
ZS,2018-09-20,854.5,exitL3,exitL3,
ZS,2018-12-13,901.5,Short3,enterS3,Short3
ZS,2018-12-27,864.5,exitS3,exitS3,
ZS,2019-05-09,764.75,exitS2,exitS2,
ZS,2019-05-14,783.25,Short2,enterS2,Short2
ZS,2020-04-21,721.5,Long3,enterL3,Long3
ZS,2020-04-22,723.25,exitL3,exitL3,
ZS,2020-07-10,759.5,Short3,enterS3,Short3
ZT,2017-01-19,107.8594,Short2,enterS2,Short2
